CO_ORDER,county_id,CO_NAME,Acres,job_spaces_orig,job_spaces_new,job_spaces_change,resunits_orig,resunits_new,resunits_change,resunits_undevelopable,resunits_remain,resunits_redeveloped_orig,resunits_redeveloped_new,resunits_developed,density_hhemp_orig,density_hhemp_new,density_hhemp_change
1.0,3.0,Weber,60710.5764871352,39800.0,173500.0,133700.0,86500.0,146100.0,59600.0,2669.228791183502,80447.054858675,3436.7525645881387,11873.0,51183.0,2.0,5.0,3.0
2.0,1.0,Davis,41697.32594808677,38900.0,236800.0,197900.0,82300.0,164600.0,82300.0,665.881545395975,79594.44065503616,2126.150505546776,21714.0,62689.0,3.0,10.0,7.0
3.0,2.0,Salt Lake,93878.34496370629,190300.0,1142700.0,952400.0,356000.0,607200.0,251200.0,3714.6819613939156,333659.0198918693,18731.299143202905,114240.0,155751.0,6.0,19.0,13.0
4.0,4.0,Utah,118991.2322257694,56600.0,346300.0,289700.0,152900.0,432500.0,279600.0,1981.427106571061,147581.1523697405,3481.312462613386,16800.0,266286.0,2.0,7.0,5.0
10.0,10.0,,315277.4796246977,325700.0,1899200.0,1573500.0,677800.0,1350500.0,672700.0,9031.219404544452,641281.6677753209,27775.514675951206,164627.0,535909.0,3.0,10.0,7.0
