CO_ORDER,county_id,CO_NAME,Acres,job_spaces_orig,job_spaces_new,job_spaces_change,resunits_orig,resunits_new,resunits_change,density_hhemp_orig,density_hhemp_new,density_hhemp_change
1.0,3.0,Weber,60710.57650642618,40800.0,173800.0,133000.0,87600.0,104300.0,16700.0,2.0,5.0,3.0
2.0,1.0,Davis,41697.32595640057,40800.0,238400.0,197600.0,83800.0,113400.0,29600.0,3.0,8.0,5.0
3.0,2.0,Salt Lake,93875.51758272327,195600.0,1145500.0,949900.0,360800.0,475500.0,114700.0,6.0,17.0,11.0
4.0,4.0,Utah,108347.63264428172,58400.0,348000.0,289600.0,137600.0,181600.0,44000.0,2.0,5.0,3.0
10.0,10.0,,304631.05268983176,335600.0,1905800.0,1570200.0,669800.0,874900.0,205100.0,3.0,9.0,6.0
